{"5": [0.20517830972154374, 0.1540791402051783], "6": [0.39658119658119656, 0.252991452991453], "7": [0.4227106227106227, 0.23956043956043957], "8": [0.4351648351648352, 0.3213675213675214], "9": [0.48083028083028084, 0.32332112332112334], "10": [0.3912087912087912, 0.20195360195360196], "20": [0.03568230619266393, 2.3465334425163684], "23": [0.8725363288382251, 1.5265994788794117], "26": [-0.6488234514294796, 2.046059717070143]}