{"5": [0.2252076209086468, 0.16844162188568637], "6": [0.995334370139969, 0.37325038880248834], "7": [1, 0], "8": [1, 0], "9": [1, 0], "10": [0.9513513513513511, 0.03603603603603631], "20": [0.9599563848677015, 2.6274288680242166], "23": [1.264668415246899, 1.2356113239627835], "26": [-0.1503754616421498, 1.4084816417202604]}