{"5": [0.21817293600390814, 0.16394723986321444], "6": [0.40634920634920635, 0.25347985347985347], "7": [0.42246642246642246, 0.231990231990232], "8": [0.43956043956043955, 0.2927960927960928], "9": [0.4822954822954823, 0.2898656898656899], "10": [0.39487179487179486, 0.21831501831501832], "20": [0.005967650915096153, 2.673317246837938], "23": [-0.15220585675265288, 2.207355980357056], "26": [0.15982272215696997, 1.4687254796549039]}