{"20": [-1.3466738368641054, 2.7954248390606704], "23": [1.0806633651157167, 1.249644601505496], "26": [0.2023997810138819, 1.6602931004885382], "5": [0.23136297020029312, 0.17655105031753782], "6": [0.39267399267399267, 0.2698412698412698], "7": [0.3741147741147741, 0.2600732600732601], "8": [0.421001221001221, 0.32503052503052504], "9": [0.4593406593406593, 0.3221001221001221], "10": [0.3907203907203907, 0.2761904761904762]}