{"5": [0.2762090864680019, 0.17723497801660967], "6": [0.39536019536019534, 0.23833943833943835], "7": [0.4170940170940171, 0.2490842490842491], "8": [0.43443223443223444, 0.3367521367521368], "9": [0.4805860805860806, 0.3504273504273504], "10": [0.38925518925518926, 0.2537240537240537], "20": [0.3313014695246317, 2.58773670681302], "23": [-0.923650805305765, 1.5580492935004924], "26": [-0.45016410863329653, 1.5416979543414877]}