{"5": [0.5319980459208598, 0.07474352711284804], "6": [0.39951159951159954, 0.25274725274725274], "7": [0.35384615384615387, 0.2564102564102564], "8": [0.4170940170940171, 0.3094017094017094], "9": [0.44761904761904764, 0.3367521367521368], "10": [0.35067155067155065, 0.23785103785103784], "23": [1.3574663110474972, 1.4698682956462716]}