{"3": {"abias": [0.009831126143292682, 0.08977229420731707, 0.01663729039634143], "gbias": [0.721815155773628, -0.43115383241234756, 0.47972144150152435], "magScale": [1.0404040404040404, 1.0729166666666667, 0.9035087719298246], "mbias": [37.06742693070818, -16.36267361111111, -8.984623015873016]}, "4": {"abias": [0.010343225990853659, 0.04228396532012195, 0.07582055068597571], "gbias": [2.2534626286204267, 0.0805738495617378, -1.6365981683498474], "magScale": [0.8333333333333334, 1.2, 1.0344827586206897], "mbias": [-11.507814407814408, 18.728897664835163, 5.788170596764346]}, "5": {"abias": [0.004317120807926829, 0.04884598894817073, 0.05602729611280477], "gbias": [-0.624121689214939, -0.7350270341082317, 0.3449974990472561], "magScale": [1.0246913580246915, 0.9222222222222223, 1.064102564102564], "mbias": [36.339403044871794, 3.8375, -7.580702457264957]}}